scene,floor,question,choices,question_formatted,answer,label
00004-VqCaAuuoeWk,1,Is the lamp next to the bed on?,"['(Do not choose this option)', 'Yes, it is on', 'No, it is not on', '(Do not choose this option)']","Is the lamp next to the bed on? A) (Do not choose this option) B) Yes, it is on C) No, it is not on D) (Do not choose this option). Answer:",B,existence
00005-yPKGKBCyYx8,0,Is the outdoor grill covered?,"['(Do not choose this option)', 'Yes', '(Do not choose this option)', 'No']",Is the outdoor grill covered? A) (Do not choose this option) B) Yes C) (Do not choose this option) D) No. Answer:,B,count
00006-HkseAnWCgqk,0,Did I fold the blanket on the bed in the bedroom?,"['(Do not choose this option)', 'No', 'Yes', '(Do not choose this option)']",Did I fold the blanket on the bed in the bedroom? A) (Do not choose this option) B) No C) Yes D) (Do not choose this option). Answer:,B,identification
00006-HkseAnWCgqk,1,Is the living room light on?,"['(Do not choose this option)', '(Do not choose this option)', 'No', 'Yes']",Is the living room light on? A) (Do not choose this option) B) (Do not choose this option) C) No D) Yes. Answer:,D,existence
00010-DBjEcHFg4oq,0,Is the lamp next to the sofa turned on or off?,"['(Do not choose this option)', 'Off', 'On', '(Do not choose this option)']",Is the lamp next to the sofa turned on or off? A) (Do not choose this option) B) Off C) On D) (Do not choose this option). Answer:,C,count
00015-LPwS1aEGXBb,0,Is there any wine left under the kitchen island?,"['(Do not choose this option)', 'Yes, there are a few', 'No, there is none', 'Yes, but there is only one left']","Is there any wine left under the kitchen island? A) (Do not choose this option) B) Yes, there are a few C) No, there is none D) Yes, but there is only one left. Answer:",B,state
00015-LPwS1aEGXBb,1,Is the hallway mirror is mounted on the wall or standing on the floor?,"['Mounted on the wall', '(Do not choose this option)', 'Standing on the floor', '(Do not choose this option)']",Is the hallway mirror is mounted on the wall or standing on the floor? A) Mounted on the wall B) (Do not choose this option) C) Standing on the floor D) (Do not choose this option). Answer:,C,state
00023-zepmXAdrpjR,1,Is the kettle on the kitchen counter?,"['(Do not choose this option)', 'Yes', 'No', '(Do not choose this option)']",Is the kettle on the kitchen counter? A) (Do not choose this option) B) Yes C) No D) (Do not choose this option). Answer:,B,existence
00025-ixTj1aTMup2,0,How many bedside tables are there in the bedroom with the white bedding?,"['Three', 'One', 'None', 'Two']",How many bedside tables are there in the bedroom with the white bedding? A) Three B) One C) None D) Two. Answer:,D,state
00025-ixTj1aTMup2,0,Is the gray curtain pulled down in the bedroom with two twin beds?,"['(Do not choose this option)', 'Yes, it is down', 'No, it is up', '(Do not choose this option)']","Is the gray curtain pulled down in the bedroom with two twin beds? A) (Do not choose this option) B) Yes, it is down C) No, it is up D) (Do not choose this option). Answer:",B,count
00025-ixTj1aTMup2,1,Did I leave the fruit bowl next to the microwave?,"['Next to the TV', 'Yes', 'In the bathroom', 'No']",Did I leave the fruit bowl next to the microwave? A) Next to the TV B) Yes C) In the bathroom D) No. Answer:,D,existence
00035-3XYAD64HpDr,0,Is the kettle on the kitchen countertop?,"['Yes', 'No', '(Do not choose this option)', '(Do not choose this option)']",Is the kettle on the kitchen countertop? A) Yes B) No C) (Do not choose this option) D) (Do not choose this option). Answer:,A,identification
00035-3XYAD64HpDr,0,Are there more than twenty books by the window next to the dining table?,"['(Do not choose this option)', '(Do not choose this option)', 'No', 'Yes']",Are there more than twenty books by the window next to the dining table? A) (Do not choose this option) B) (Do not choose this option) C) No D) Yes. Answer:,C,state
00037-oKFJo8jpzRW,0,Is there a cushion on the wicker chair in the room with the green walls?,"['Yes', '(Do not choose this option)', '(Do not choose this option)', 'No']",Is there a cushion on the wicker chair in the room with the green walls? A) Yes B) (Do not choose this option) C) (Do not choose this option) D) No. Answer:,A,state
00048-aKwZ7VJDAjr,0,Did I leave the lamp next to the dresser mirror on?,"['(Do not choose this option)', '(Do not choose this option)', 'Yes, it is on', 'No, it is off']","Did I leave the lamp next to the dresser mirror on? A) (Do not choose this option) B) (Do not choose this option) C) Yes, it is on D) No, it is off. Answer:",C,location
00051-CETmJJqkhcK,0,How many red pillows did I leave on the living room sofa?,"['One', 'Three', 'None', 'Two']",How many red pillows did I leave on the living room sofa? A) One B) Three C) None D) Two. Answer:,D,location
00052-H1D2FZ8TAv1,2,Is there a bottle of shampoo inside the glass shower already?,"['(Do not choose this option)', 'No', 'Yes', '(Do not choose this option)']",Is there a bottle of shampoo inside the glass shower already? A) (Do not choose this option) B) No C) Yes D) (Do not choose this option). Answer:,C,existence
00056-kdw2Uapns3b,1,How many pieces of mat I put at the entrance door?,"['One', 'None', 'Two', 'Three']",How many pieces of mat I put at the entrance door? A) One B) None C) Two D) Three. Answer:,C,count
00056-kdw2Uapns3b,2,Is the TV in the bedroom with blue wall left turned on?,"['(Do not choose this option)', '(Do not choose this option)', 'Yes', 'No']",Is the TV in the bedroom with blue wall left turned on? A) (Do not choose this option) B) (Do not choose this option) C) Yes D) No. Answer:,D,existence
00057-1UnKg1rAb8A,0,Is the kitchen sink currently free of dishes?,"['(Do not choose this option)', '(Do not choose this option)', ""Yes, it's empty"", 'No, there are dishes']","Is the kitchen sink currently free of dishes? A) (Do not choose this option) B) (Do not choose this option) C) Yes, it's empty D) No, there are dishes. Answer:",C,location
00057-1UnKg1rAb8A,0,Is the front door is currently open or closed?,"[""It's open"", '(Do not choose this option)', 'It is half open', ""It's closed""]",Is the front door is currently open or closed? A) It's open B) (Do not choose this option) C) It is half open D) It's closed. Answer:,D,location
00060-TgWKHxhJAng,0,I played pool with friends last night. Is the pool table cleaned up?,"['No', '(Do not choose this option)', '(Do not choose this option)', 'Yes']",I played pool with friends last night. Is the pool table cleaned up? A) No B) (Do not choose this option) C) (Do not choose this option) D) Yes. Answer:,A,existence
00060-TgWKHxhJAng,2,Did I leave the window in the home office open or closed?,"['Open', '(Do not choose this option)', 'Closed', '(Do not choose this option)']",Did I leave the window in the home office open or closed? A) Open B) (Do not choose this option) C) Closed D) (Do not choose this option). Answer:,C,state
00060-TgWKHxhJAng,2,Did I leave the laptop under the TV in the bedroom?,"['Yes', '(Do not choose this option)', '(Do not choose this option)', 'No']",Did I leave the laptop under the TV in the bedroom? A) Yes B) (Do not choose this option) C) (Do not choose this option) D) No. Answer:,D,location
00062-ACZZiU6BXLz,0,I'm expecting guests and need to confirm the seating. How many dining chairs are around the dining table?,"['Four', 'Six', 'Eight', 'Ten']",I'm expecting guests and need to confirm the seating. How many dining chairs are around the dining table? A) Four B) Six C) Eight D) Ten. Answer:,B,existence
00062-ACZZiU6BXLz,0,Have I already put the fruit bowl on the kitchen counter?,"['No', 'There is some fruit but in a bowl', 'Yes', 'There is a bowl but no fruit']",Have I already put the fruit bowl on the kitchen counter? A) No B) There is some fruit but in a bowl C) Yes D) There is a bowl but no fruit. Answer:,A,existence
00062-ACZZiU6BXLz,1,How many pillows did I leave on the bed with green floral bedding?,"['Three', 'One', 'None', 'Two']",How many pillows did I leave on the bed with green floral bedding? A) Three B) One C) None D) Two. Answer:,B,state
00069-Y8Y6ukxGMvn,0,Is there a floor-standing mirror in the bedroom?,"['(Do not choose this option)', 'Yes, near the bed.', 'Yes, near the door.', ""No, there isn't one.""]","Is there a floor-standing mirror in the bedroom? A) (Do not choose this option) B) Yes, near the bed. C) Yes, near the door. D) No, there isn't one.. Answer:",B,state
00074-kHvNo8x6Qoe,1,Did I leave my backpack on the table at the porch?,"['No', '(Do not choose this option)', '(Do not choose this option)', 'Yes']",Did I leave my backpack on the table at the porch? A) No B) (Do not choose this option) C) (Do not choose this option) D) Yes. Answer:,A,state
00074-kHvNo8x6Qoe,1,I'm expecting guests and I need extra seating. How many stools are available at the kitchen island?,"['One', 'Two', 'None', 'Three']",I'm expecting guests and I need extra seating. How many stools are available at the kitchen island? A) One B) Two C) None D) Three. Answer:,C,state
00081-5biL7VEkByM,0,Did any book fall onto the floor in the hallway where the bookselves are?,"['(Do not choose this option)', '(Do not choose this option)', 'No, there is none on the floor', 'Yes, there are a few on the floor']","Did any book fall onto the floor in the hallway where the bookselves are? A) (Do not choose this option) B) (Do not choose this option) C) No, there is none on the floor D) Yes, there are a few on the floor. Answer:",C,location
00084-CtZLhCbWFm7,0,Is the air conditioning in the living room turned off?,"['Yes, it is off', '(Do not choose this option)', 'No, it is still on', '(Do not choose this option)']","Is the air conditioning in the living room turned off? A) Yes, it is off B) (Do not choose this option) C) No, it is still on D) (Do not choose this option). Answer:",C,count
00086-315QujoX279,0,Did I leave the air conditioning in the living room on?,"['No, it is off', '(Do not choose this option)', 'Yes, it is on', '(Do not choose this option)']","Did I leave the air conditioning in the living room on? A) No, it is off B) (Do not choose this option) C) Yes, it is on D) (Do not choose this option). Answer:",A,location
00094-WT4QWwXrMzs,0,Is the ironing board set up in the room with the sectional sofa?,"['Yes', 'No', '(Do not choose this option)', '(Do not choose this option)']",Is the ironing board set up in the room with the sectional sofa? A) Yes B) No C) (Do not choose this option) D) (Do not choose this option). Answer:,B,existence
00094-WT4QWwXrMzs,0,Is the gaming chair under the loft bed?,"['Yes', '(Do not choose this option)', '(Do not choose this option)', 'No']",Is the gaming chair under the loft bed? A) Yes B) (Do not choose this option) C) (Do not choose this option) D) No. Answer:,A,existence
00100-y3K5dmhuukt,1,Does the bathtub need to be cleaned?,"['No, it looks very clean', '(Do not choose this option)', '(Do not choose this option)', 'Yes, it looks very stained']","Does the bathtub need to be cleaned? A) No, it looks very clean B) (Do not choose this option) C) (Do not choose this option) D) Yes, it looks very stained. Answer:",A,state
00106-ZVScmfktNQ1,0,Is the door to the closet next to the kitchen left open?,"['(Do not choose this option)', 'Yes', '(Do not choose this option)', 'No']",Is the door to the closet next to the kitchen left open? A) (Do not choose this option) B) Yes C) (Do not choose this option) D) No. Answer:,B,location
00109-GTV2Y73Sn5t,0,I need to water the plants. How many potted plants are on the kitchen island?,"['Four', 'Two', 'Three', 'One']",I need to water the plants. How many potted plants are on the kitchen island? A) Four B) Two C) Three D) One. Answer:,D,location
00109-GTV2Y73Sn5t,0,I'm expecting a package that should have been left by the door. Is there a parcel on the bench by the entrance?,"['(Do not choose this option)', 'No', 'Yes', '(Do not choose this option)']",I'm expecting a package that should have been left by the door. Is there a parcel on the bench by the entrance? A) (Do not choose this option) B) No C) Yes D) (Do not choose this option). Answer:,B,location
00130-MjzBosUX3WW,0,Are the mirror lights in the bathroom on?,"['No', '(Do not choose this option)', 'Yes', '(Do not choose this option)']",Are the mirror lights in the bathroom on? A) No B) (Do not choose this option) C) Yes D) (Do not choose this option). Answer:,C,location
00135-HeSYRw7eMtG,2,How many table lamps are there in the bedroom?,"['Three', 'Four', 'One', 'Two']",How many table lamps are there in the bedroom? A) Three B) Four C) One D) Two. Answer:,D,state
00148-csHQLLFPE3g,0,How many sets of utensils are already set up on the dining table?,"['Two', 'Six', 'None', 'Four']",How many sets of utensils are already set up on the dining table? A) Two B) Six C) None D) Four. Answer:,C,count
00149-UuwwmrTsfBN,1,I am waiting for the guests. Have I put utensils on the dining table?,"['No', '(Do not choose this option)', 'Yes', '(Do not choose this option)']",I am waiting for the guests. Have I put utensils on the dining table? A) No B) (Do not choose this option) C) Yes D) (Do not choose this option). Answer:,A,existence
00149-UuwwmrTsfBN,1,Is the patio door next to the dining table open?,"['(Do not choose this option)', '(Do not choose this option)', 'Yes', 'No']",Is the patio door next to the dining table open? A) (Do not choose this option) B) (Do not choose this option) C) Yes D) No. Answer:,D,location
00154-2dZ1Jivh5if,0,How many bar stools are placed at the kitchen counter?,"['Two', 'None', 'Three', 'Four']",How many bar stools are placed at the kitchen counter? A) Two B) None C) Three D) Four. Answer:,A,state
00155-iLDo95ZbDJq,0,"Is the bedroom closet open or closed, the bedroom with horse painting?","['It is closed', 'It is open', '(Do not choose this option)', '(Do not choose this option)']","Is the bedroom closet open or closed, the bedroom with horse painting? A) It is closed B) It is open C) (Do not choose this option) D) (Do not choose this option). Answer:",A,count
00158-YV9M9gZG3YJ,0,"Did I turn off the bed lamps in the main bedroom, the one with red pillows?","['They are on', '(Do not choose this option)', '(Do not choose this option)', 'They are off']","Did I turn off the bed lamps in the main bedroom, the one with red pillows? A) They are on B) (Do not choose this option) C) (Do not choose this option) D) They are off. Answer:",D,existence
00159-DfUQLukPMPc,0,How many bar stools we have in the basement?,"['Two', 'Three', 'One', 'Four']",How many bar stools we have in the basement? A) Two B) Three C) One D) Four. Answer:,A,location
00161-uFCiZVVks57,0,I'm trying to remember how many plates I put on the dining table.,"['Four', 'Eight', 'Twelve', 'None']",I'm trying to remember how many plates I put on the dining table. A) Four B) Eight C) Twelve D) None. Answer:,B,count
00166-RaYrxWt5pR1,0,I'm trying to remember how many bar stools are at the kitchen island.,"['Three', 'Five', 'Four', 'Two']",I'm trying to remember how many bar stools are at the kitchen island. A) Three B) Five C) Four D) Two. Answer:,D,state
00166-RaYrxWt5pR1,0,I'm looking for my laptop. It is on the bedroom dresser?,"['It is there', '(Do not choose this option)', '(Do not choose this option)', 'It is not there']",I'm looking for my laptop. It is on the bedroom dresser? A) It is there B) (Do not choose this option) C) (Do not choose this option) D) It is not there. Answer:,D,location
00167-yogvKWUrdnw,1,I'm looking for the black towel. Is it in the bathroom?,"['(Do not choose this option)', '(Do not choose this option)', 'Yes', 'No']",I'm looking for the black towel. Is it in the bathroom? A) (Do not choose this option) B) (Do not choose this option) C) Yes D) No. Answer:,D,count
00170-S3r45BMWy6H,0,Is the ironing board set up in the room with the checkered floor?,"['No', '(Do not choose this option)', 'Yes', '(Do not choose this option)']",Is the ironing board set up in the room with the checkered floor? A) No B) (Do not choose this option) C) Yes D) (Do not choose this option). Answer:,A,count
00170-S3r45BMWy6H,0,How many chairs are around the dining table in the room with the wooden floor and a red rug?,"['Six', 'Four', 'Eight', 'Two']",How many chairs are around the dining table in the room with the wooden floor and a red rug? A) Six B) Four C) Eight D) Two. Answer:,A,count
00171-mWqBmEyXcXN,1,How many of the shelves on the two bookshelves are completely empty?,"['One', 'None', 'Four', 'Two']",How many of the shelves on the two bookshelves are completely empty? A) One B) None C) Four D) Two. Answer:,B,location
00178-yqNxxJnA3iL,1,Is the green curtain in the bedroom closed?,"['(Do not choose this option)', '(Do not choose this option)', 'No, it is open', 'Yes, it is closed']","Is the green curtain in the bedroom closed? A) (Do not choose this option) B) (Do not choose this option) C) No, it is open D) Yes, it is closed. Answer:",C,count
00185-NjyeoK5BLx3,0,Are the bar stools tucked under the kitchen island?,"['No', 'Yes', '(Do not choose this option)', '(Do not choose this option)']",Are the bar stools tucked under the kitchen island? A) No B) Yes C) (Do not choose this option) D) (Do not choose this option). Answer:,B,location
00187-GCCrNuhZ9WY,0,I'm expecting guests and need to check if the guest room is ready. Is the red pillow on the bed?,"['(Do not choose this option)', 'No', '(Do not choose this option)', 'Yes']",I'm expecting guests and need to check if the guest room is ready. Is the red pillow on the bed? A) (Do not choose this option) B) No C) (Do not choose this option) D) Yes. Answer:,D,location
00193-wwX4MFiTTrt,0,Did I put the fruit bar on the kitchen island?,"['No, not yet', '(Do not choose this option)', '(Do not choose this option)', 'Yes, you did']","Did I put the fruit bar on the kitchen island? A) No, not yet B) (Do not choose this option) C) (Do not choose this option) D) Yes, you did. Answer:",A,location
00202-yVbpFay8gTU,0,I'm expecting guests and need to set the table. How many chairs are missing around the dining table?,"['Four', 'Six', 'Two', 'None']",I'm expecting guests and need to set the table. How many chairs are missing around the dining table? A) Four B) Six C) Two D) None. Answer:,C,existence
00202-yVbpFay8gTU,1,I want to shower now. Are there towels on the bathtub?,"['No, there is none', 'Yes, there are', '(Do not choose this option)', '(Do not choose this option)']","I want to shower now. Are there towels on the bathtub? A) No, there is none B) Yes, there are C) (Do not choose this option) D) (Do not choose this option). Answer:",B,location
00202-yVbpFay8gTU,1,Did I put away the teepee or is it still on the bedroom floor?,"['(Do not choose this option)', 'It is still there', '(Do not choose this option)', 'It is not seen anywhere any more']",Did I put away the teepee or is it still on the bedroom floor? A) (Do not choose this option) B) It is still there C) (Do not choose this option) D) It is not seen anywhere any more. Answer:,B,existence
00203-VoVGtfYrpuQ,0,I'm trying to remember where I placed the decorative wooden bowl. Is it on the dining table?,"['No', '(Do not choose this option)', 'Yes', '(Do not choose this option)']",I'm trying to remember where I placed the decorative wooden bowl. Is it on the dining table? A) No B) (Do not choose this option) C) Yes D) (Do not choose this option). Answer:,C,identification
00203-VoVGtfYrpuQ,0,Is the air conditioning unit in the dining area still on?,"['(Do not choose this option)', ""Yes, it's on"", '(Do not choose this option)', ""No, it's not on""]","Is the air conditioning unit in the dining area still on? A) (Do not choose this option) B) Yes, it's on C) (Do not choose this option) D) No, it's not on. Answer:",D,location
00204-gxttMtT5ZGK,1,Is my backpack on the kitchen island?,"['(Do not choose this option)', 'Yes', 'No', '(Do not choose this option)']",Is my backpack on the kitchen island? A) (Do not choose this option) B) Yes C) No D) (Do not choose this option). Answer:,C,existence
00204-gxttMtT5ZGK,2,"How many white pillows are on the bed with the ""Sweetpea"" wall decoration?","['Four', 'Two', 'Three', 'One']","How many white pillows are on the bed with the ""Sweetpea"" wall decoration? A) Four B) Two C) Three D) One. Answer:",D,location
00208-SQqGpSHzfSr,0,I'm expecting a package to be delivered and left by the entrance. Is there a small parcel near the front door?,"['(Do not choose this option)', 'Yes, there is a parcel.', 'No, there is no parcel.', '(Do not choose this option)']","I'm expecting a package to be delivered and left by the entrance. Is there a small parcel near the front door? A) (Do not choose this option) B) Yes, there is a parcel. C) No, there is no parcel. D) (Do not choose this option). Answer:",C,existence
00217-qz3829g1Lzf,0,Did I leave any pot on the stove?,"['Two', 'None', 'Three', 'One']",Did I leave any pot on the stove? A) Two B) None C) Three D) One. Answer:,B,count
00217-qz3829g1Lzf,0,How many wooden chairs we have at the dining table right now?,"['Four', 'Eight', 'Six', 'Two']",How many wooden chairs we have at the dining table right now? A) Four B) Eight C) Six D) Two. Answer:,C,location
00217-qz3829g1Lzf,1,I need to find two gray bags with beddings. Is it in the room with the wooden dresser and the quilted bedspread?,"['No', 'Yes', '(Do not choose this option)', '(Do not choose this option)']",I need to find two gray bags with beddings. Is it in the room with the wooden dresser and the quilted bedspread? A) No B) Yes C) (Do not choose this option) D) (Do not choose this option). Answer:,A,existence
00218-fQHGxvurx9L,0,I forgot if there is any drawer under the bed with light-colored bedding.,"['There are drawers', '(Do not choose this option)', 'There is none', '(Do not choose this option)']",I forgot if there is any drawer under the bed with light-colored bedding. A) There are drawers B) (Do not choose this option) C) There is none D) (Do not choose this option). Answer:,A,existence
00224-8m2Sk2sC3DR,1,Is the balcony door in the main bedroom closed?,"['No, the door is open', 'Yes, it is closed', '(Do not choose this option)', '(Do not choose this option)']","Is the balcony door in the main bedroom closed? A) No, the door is open B) Yes, it is closed C) (Do not choose this option) D) (Do not choose this option). Answer:",B,existence
00227-bvdRzJBgJyg,0,Are the boots near the front door?,"['No', '(Do not choose this option)', 'Yes', '(Do not choose this option)']",Are the boots near the front door? A) No B) (Do not choose this option) C) Yes D) (Do not choose this option). Answer:,A,location
00227-bvdRzJBgJyg,0,Is the lamp under the wall mirror on?,"['No, it is off', '(Do not choose this option)', 'Yes, it is on', '(Do not choose this option)']","Is the lamp under the wall mirror on? A) No, it is off B) (Do not choose this option) C) Yes, it is on D) (Do not choose this option). Answer:",A,state
00228-d5faFfQRphr,0,Is the television in the main bedroom turned off?,"['(Do not choose this option)', '(Do not choose this option)', 'No, it is on', 'Yes, it is off']","Is the television in the main bedroom turned off? A) (Do not choose this option) B) (Do not choose this option) C) No, it is on D) Yes, it is off. Answer:",D,existence
00240-q9CAdKfvar2,1,How many red chairs are there around the dining table?,"['Three', 'Four', 'Two', 'Five']",How many red chairs are there around the dining table? A) Three B) Four C) Two D) Five. Answer:,B,state
00245-741Fdj7NLF9,0,Can you check if I left the lamps on in the bedroom with gray bedding?,"['(Do not choose this option)', 'Yes', '(Do not choose this option)', 'No']",Can you check if I left the lamps on in the bedroom with gray bedding? A) (Do not choose this option) B) Yes C) (Do not choose this option) D) No. Answer:,D,count
00248-PM558qFsyi8,0,Is the television in the bedroom still on?,"['It is on', '(Do not choose this option)', '(Do not choose this option)', 'It is off']",Is the television in the bedroom still on? A) It is on B) (Do not choose this option) C) (Do not choose this option) D) It is off. Answer:,A,state
00256-92vYG1q49FY,0,Is the air conditioning at the entrance turned off?,"['It is off', '(Do not choose this option)', 'It is on', '(Do not choose this option)']",Is the air conditioning at the entrance turned off? A) It is off B) (Do not choose this option) C) It is on D) (Do not choose this option). Answer:,A,identification
00257-j2DKmTV5TPV,0,I want to take a shower. Is there shampoo in the shower?,"['No', 'Yes', '(Do not choose this option)', '(Do not choose this option)']",I want to take a shower. Is there shampoo in the shower? A) No B) Yes C) (Do not choose this option) D) (Do not choose this option). Answer:,B,state
00258-2Pc8W48bu21,0,I want to take a shower. Is there shampoo in the shower?,"['(Do not choose this option)', 'Yes', 'No', '(Do not choose this option)']",I want to take a shower. Is there shampoo in the shower? A) (Do not choose this option) B) Yes C) No D) (Do not choose this option). Answer:,C,state
00258-2Pc8W48bu21,1,I need to retrieve my pool cues. How many are on the pool table?,"['Four', 'Three', 'Two', 'One']",I need to retrieve my pool cues. How many are on the pool table? A) Four B) Three C) Two D) One. Answer:,B,existence
00262-1xGrZPxG1Hz,1,Are the candles by the entrace put out?,"['Yes, they are out', 'No, the flame still on', '(Do not choose this option)', '(Do not choose this option)']","Are the candles by the entrace put out? A) Yes, they are out B) No, the flame still on C) (Do not choose this option) D) (Do not choose this option). Answer:",A,existence
00268-mHJxL9jnCox,0,How many bookshelves are in the room with the piano?,"['None', 'Four', 'Six', 'Two']",How many bookshelves are in the room with the piano? A) None B) Four C) Six D) Two. Answer:,B,location
00273-8DDKELpgD99,0,Are the decorative candles on the mantelpiece above the fireplace?,"['(Do not choose this option)', 'Yes', 'No', '(Do not choose this option)']",Are the decorative candles on the mantelpiece above the fireplace? A) (Do not choose this option) B) Yes C) No D) (Do not choose this option). Answer:,B,state
00275-4dbCzNN5L5t,0,"Is the ""Happy Birthday"" balloon still floating in the room with the toy car?","['Yes', '(Do not choose this option)', 'No', '(Do not choose this option)']","Is the ""Happy Birthday"" balloon still floating in the room with the toy car? A) Yes B) (Do not choose this option) C) No D) (Do not choose this option). Answer:",A,identification
00275-4dbCzNN5L5t,0,A guest is coming; are there pillows on the guest bed?,"['There are a bunch of them', 'There are two', 'There is one', 'There is none']",A guest is coming; are there pillows on the guest bed? A) There are a bunch of them B) There are two C) There is one D) There is none. Answer:,D,location
00281-mj5sKX44BmS,0,Is there still any soap at the bathroom sink?,"['Yes', 'No', '(Do not choose this option)', '(Do not choose this option)']",Is there still any soap at the bathroom sink? A) Yes B) No C) (Do not choose this option) D) (Do not choose this option). Answer:,B,existence
00290-6HMiy15cxis,0,Is the piano lid put down?,"['(Do not choose this option)', 'Yes, it is down', '(Do not choose this option)', 'No, it is up']","Is the piano lid put down? A) (Do not choose this option) B) Yes, it is down C) (Do not choose this option) D) No, it is up. Answer:",B,location
00292-reHtN7VMWkg,0,Is the ceiling fan light in the porch off?,"['No, it is on', '(Do not choose this option)', 'Yes, it is off', '(Do not choose this option)']","Is the ceiling fan light in the porch off? A) No, it is on B) (Do not choose this option) C) Yes, it is off D) (Do not choose this option). Answer:",C,location
00292-reHtN7VMWkg,0,Are the black shades in the bedroom pulled down?,"['No, they are up', '(Do not choose this option)', '(Do not choose this option)', 'Yes, they are down']","Are the black shades in the bedroom pulled down? A) No, they are up B) (Do not choose this option) C) (Do not choose this option) D) Yes, they are down. Answer:",A,state
00297-jGdNyKqGZJw,0,I'm trying to remember where I placed my laptop. Is it on the outdoor table?,"['(Do not choose this option)', 'No', '(Do not choose this option)', 'Yes']",I'm trying to remember where I placed my laptop. Is it on the outdoor table? A) (Do not choose this option) B) No C) (Do not choose this option) D) Yes. Answer:,B,state
00299-bdp1XNEdvmW,0,How many sports balls are stored on the rack in the hallway?,"['Two', 'Five', 'Three', 'Four']",How many sports balls are stored on the rack in the hallway? A) Two B) Five C) Three D) Four. Answer:,C,existence
00299-bdp1XNEdvmW,0,Are the monitors left on?,"['No, they are both off', 'Yes, one of them is on', '(Do not choose this option)', 'Yes, both of them are on']","Are the monitors left on? A) No, they are both off B) Yes, one of them is on C) (Do not choose this option) D) Yes, both of them are on. Answer:",B,count
00301-JiHGQpwKUvd,0,How many bar stools are there at the kitchen counter?,"['One', 'Four', 'Three', 'Two']",How many bar stools are there at the kitchen counter? A) One B) Four C) Three D) Two. Answer:,C,existence
00303-ghWQ5kHV97i,0,Does the kitchen island have any bar stools for seating?,"['Two stools', 'No stools', 'Three stools', 'One stool']",Does the kitchen island have any bar stools for seating? A) Two stools B) No stools C) Three stools D) One stool. Answer:,C,identification
00303-ghWQ5kHV97i,0,Is the bedroom wardrobe door closed?,"['No', '(Do not choose this option)', 'Yes', '(Do not choose this option)']",Is the bedroom wardrobe door closed? A) No B) (Do not choose this option) C) Yes D) (Do not choose this option). Answer:,A,existence
00304-X6Pct1msZv5,0,Is the air conditioning in the bedroom with flower painting turned on?,"['(Do not choose this option)', 'Yes, it is on', '(Do not choose this option)', 'No, it is off']","Is the air conditioning in the bedroom with flower painting turned on? A) (Do not choose this option) B) Yes, it is on C) (Do not choose this option) D) No, it is off. Answer:",B,state
00306-Y4L8fjz2yH7,0,Is there any shampoo in the shower already?,"['(Do not choose this option)', '(Do not choose this option)', 'No', 'Yes']",Is there any shampoo in the shower already? A) (Do not choose this option) B) (Do not choose this option) C) No D) Yes. Answer:,D,state
00315-We1N7vBtyGm,1,Is there already some shampoo in the shower?,"['(Do not choose this option)', 'Yes', '(Do not choose this option)', 'No']",Is there already some shampoo in the shower? A) (Do not choose this option) B) Yes C) (Do not choose this option) D) No. Answer:,B,location
00323-yHLr6bvWsVm,0,Does the dining table have any fruit bowl on it?,"['(Do not choose this option)', '(Do not choose this option)', 'No', 'Yes']",Does the dining table have any fruit bowl on it? A) (Do not choose this option) B) (Do not choose this option) C) No D) Yes. Answer:,C,existence
00324-DoSbsoo4EAg,0,Is there already some shampoo at the shower?,"['No', 'Yes', '(Do not choose this option)', '(Do not choose this option)']",Is there already some shampoo at the shower? A) No B) Yes C) (Do not choose this option) D) (Do not choose this option). Answer:,A,existence
00326-u9rPN5cHWBg,0,Are the bedroom lamps on?,"['(Do not choose this option)', 'No, they are off', 'Yes, they are on', '(Do not choose this option)']","Are the bedroom lamps on? A) (Do not choose this option) B) No, they are off C) Yes, they are on D) (Do not choose this option). Answer:",C,existence
00327-xgLmjqzoAzF,0,I was playing pool with friends. Are the balls put away from the table?,"['(Do not choose this option)', '(Do not choose this option)', 'No', 'Yes']",I was playing pool with friends. Are the balls put away from the table? A) (Do not choose this option) B) (Do not choose this option) C) No D) Yes. Answer:,D,location
00330-WhNyDTnd9g5,0,Are the pillows left on the porch chair?,"['Yes', 'No', '(Do not choose this option)', '(Do not choose this option)']",Are the pillows left on the porch chair? A) Yes B) No C) (Do not choose this option) D) (Do not choose this option). Answer:,A,state
00330-WhNyDTnd9g5,2,Is the curtain shade pulled down in the kid's room?,"['Yes, it is down', 'No, it is up', '(Do not choose this option)', '(Do not choose this option)']","Is the curtain shade pulled down in the kid's room? A) Yes, it is down B) No, it is up C) (Do not choose this option) D) (Do not choose this option). Answer:",A,existence
00331-gGMMut83nsX,0,IHow many bar stools are at the kitchen counter?,"['Five', 'Four', 'Three', 'Two']",IHow many bar stools are at the kitchen counter? A) Five B) Four C) Three D) Two. Answer:,C,state
00331-gGMMut83nsX,0,Is the air conditioning in the dining space still on?,"['(Do not choose this option)', 'No, it is off', '(Do not choose this option)', 'Yes, it is still on']","Is the air conditioning in the dining space still on? A) (Do not choose this option) B) No, it is off C) (Do not choose this option) D) Yes, it is still on. Answer:",D,count
00343-5graSmdK3Bj,0,How many additional chairs are there next to the dining table against the wall?,"['Three', 'One', 'Two', 'None']",How many additional chairs are there next to the dining table against the wall? A) Three B) One C) Two D) None. Answer:,C,location
00349-p32JzpQyhPk,0,Is there any pot left on the stove?,"['There is one', 'There is none', 'There are two', 'There are three']",Is there any pot left on the stove? A) There is one B) There is none C) There are two D) There are three. Answer:,A,identification
00354-NpCFg9NdUgL,1,I am expecting a package. Is there one by the entrance door?,"['(Do not choose this option)', 'No', 'Yes', '(Do not choose this option)']",I am expecting a package. Is there one by the entrance door? A) (Do not choose this option) B) No C) Yes D) (Do not choose this option). Answer:,C,identification
00356-RYzud5W7ZnC,0,I am looking for my briefcase. Is is on my office desk?,"['Yes', '(Do not choose this option)', '(Do not choose this option)', 'No']",I am looking for my briefcase. Is is on my office desk? A) Yes B) (Do not choose this option) C) (Do not choose this option) D) No. Answer:,D,existence
00356-RYzud5W7ZnC,0,What color is the office desk chair?,"['Red', 'White', 'Green', 'Black']",What color is the office desk chair? A) Red B) White C) Green D) Black. Answer:,C,existence
00357-TzQLNfWugiZ,0,I want to unplug the window air conditioning unit but not sure if I did.,"['Yes, it is unplugged', '(Do not choose this option)', '(Do not choose this option)', 'No, it is still plugged in']","I want to unplug the window air conditioning unit but not sure if I did. A) Yes, it is unplugged B) (Do not choose this option) C) (Do not choose this option) D) No, it is still plugged in. Answer:",D,state
00359-aTf5zsbjZMb,0,Guest is coming. Is there any hand towel in the bathroom?,"['(Do not choose this option)', 'Yes', 'No', '(Do not choose this option)']",Guest is coming. Is there any hand towel in the bathroom? A) (Do not choose this option) B) Yes C) No D) (Do not choose this option). Answer:,B,existence
00359-aTf5zsbjZMb,1,Is there any white paper on the printer?,"['Yes', '(Do not choose this option)', 'No', '(Do not choose this option)']",Is there any white paper on the printer? A) Yes B) (Do not choose this option) C) No D) (Do not choose this option). Answer:,A,existence
00360-yA3RqPqMrGE,0,Is the piano lid down?,"['(Do not choose this option)', 'Yes, it is down', 'No, it is up still', '(Do not choose this option)']","Is the piano lid down? A) (Do not choose this option) B) Yes, it is down C) No, it is up still D) (Do not choose this option). Answer:",B,state
00360-yA3RqPqMrGE,0,How many chairs we have at dining table?,"['Three', 'Four', 'One', 'Two']",How many chairs we have at dining table? A) Three B) Four C) One D) Two. Answer:,B,count
00362-o94q92w5PK5,0,Is the living room TV turned off?,"['Yes, it is off', 'No, it is still on', '(Do not choose this option)', '(Do not choose this option)']","Is the living room TV turned off? A) Yes, it is off B) No, it is still on C) (Do not choose this option) D) (Do not choose this option). Answer:",A,state
00364-tEafuWwhhwr,1,I'm looking for my pair of brown shoes. Are they under the armchair in the bedroom?,"['Yes, they are under the armchair.', '(Do not choose this option)', 'No, they are not under the armchair.', '(Do not choose this option)']","I'm looking for my pair of brown shoes. Are they under the armchair in the bedroom? A) Yes, they are under the armchair. B) (Do not choose this option) C) No, they are not under the armchair. D) (Do not choose this option). Answer:",C,existence
00366-fxbzYAGkrtm,0,I am looking for my boots. Are they on the stairs by the entrance door?,"['(Do not choose this option)', 'No', '(Do not choose this option)', 'Yes']",I am looking for my boots. Are they on the stairs by the entrance door? A) (Do not choose this option) B) No C) (Do not choose this option) D) Yes. Answer:,B,existence
00366-fxbzYAGkrtm,1,How many pillows I put on the bed with red bedding?,"['None', 'Two', 'One', 'Four']",How many pillows I put on the bed with red bedding? A) None B) Two C) One D) Four. Answer:,A,count
00368-k9UfRPqLm3j,0,Is the patio door open?,"['(Do not choose this option)', 'No', 'Yes', '(Do not choose this option)']",Is the patio door open? A) (Do not choose this option) B) No C) Yes D) (Do not choose this option). Answer:,C,state
00369-FgXPKxNp5kK,0,Did I leave any pot on the stove?,"['(Do not choose this option)', 'Yes', '(Do not choose this option)', 'No']",Did I leave any pot on the stove? A) (Do not choose this option) B) Yes C) (Do not choose this option) D) No. Answer:,D,existence
00369-FgXPKxNp5kK,1,Is there stuff to be cleaned up from the kitchen floor?,"['(Do not choose this option)', 'Yes', 'No', '(Do not choose this option)']",Is there stuff to be cleaned up from the kitchen floor? A) (Do not choose this option) B) Yes C) No D) (Do not choose this option). Answer:,B,existence
00376-wxixLWuvLjd,0,I'm trying to remember where I placed the decorative star. It is on the shelf next to the television?,"['No', '(Do not choose this option)', 'Yes', '(Do not choose this option)']",I'm trying to remember where I placed the decorative star. It is on the shelf next to the television? A) No B) (Do not choose this option) C) Yes D) (Do not choose this option). Answer:,A,existence
00376-wxixLWuvLjd,0,Is the black recliner chair positioned facing the window?,"['Yes', 'No', '(Do not choose this option)', '(Do not choose this option)']",Is the black recliner chair positioned facing the window? A) Yes B) No C) (Do not choose this option) D) (Do not choose this option). Answer:,A,state
00376-wxixLWuvLjd,0,Is the fruit bowl left on the kitchen countertop?,"['(Do not choose this option)', 'Yes', 'No', '(Do not choose this option)']",Is the fruit bowl left on the kitchen countertop? A) (Do not choose this option) B) Yes C) No D) (Do not choose this option). Answer:,C,existence
00381-pmZMJfFd3Jy,0,I need to find my suitcase. Is it located in the hallway?,"['Yes', '(Do not choose this option)', 'No', '(Do not choose this option)']",I need to find my suitcase. Is it located in the hallway? A) Yes B) (Do not choose this option) C) No D) (Do not choose this option). Answer:,C,existence
00386-b3WpMbPFB6q,0,Is my jacket left on the staircase?,"['No', '(Do not choose this option)', 'Yes', '(Do not choose this option)']",Is my jacket left on the staircase? A) No B) (Do not choose this option) C) Yes D) (Do not choose this option). Answer:,A,existence
00388-pcpn6mFqFCg,0,Is the kettle on the coffee table?,"['(Do not choose this option)', 'Yes', '(Do not choose this option)', 'No']",Is the kettle on the coffee table? A) (Do not choose this option) B) Yes C) (Do not choose this option) D) No. Answer:,D,existence
00389-d6bYiL1d9Fh,0,How many chairs are there around the dining table now?,"['Six', 'Eight', 'Two', 'Four']",How many chairs are there around the dining table now? A) Six B) Eight C) Two D) Four. Answer:,A,count
00389-d6bYiL1d9Fh,1,Is the closet door in the bedroom closed?,"['No', 'Yes', '(Do not choose this option)', '(Do not choose this option)']",Is the closet door in the bedroom closed? A) No B) Yes C) (Do not choose this option) D) (Do not choose this option). Answer:,B,state
00391-3UDjdrwcqMb,0,I'm expecting guests and need to tidy up. Are there any pillows lying around in the bedroom with brown bedding?,"['No', '(Do not choose this option)', '(Do not choose this option)', 'Yes']",I'm expecting guests and need to tidy up. Are there any pillows lying around in the bedroom with brown bedding? A) No B) (Do not choose this option) C) (Do not choose this option) D) Yes. Answer:,D,existence
00393-dD37vuCa4FE,0,Is the patio door left open?,"['Yes', '(Do not choose this option)', 'No', '(Do not choose this option)']",Is the patio door left open? A) Yes B) (Do not choose this option) C) No D) (Do not choose this option). Answer:,A,state
00396-wuKkTq5GJbi,1,Is the kettle left on the kitchen counter?,"['(Do not choose this option)', 'No', 'Yes', '(Do not choose this option)']",Is the kettle left on the kitchen counter? A) (Do not choose this option) B) No C) Yes D) (Do not choose this option). Answer:,B,existence
00396-wuKkTq5GJbi,1,How many jackets are we hanging in the hallway?,"['More than five', 'Three', 'None', 'One']",How many jackets are we hanging in the hallway? A) More than five B) Three C) None D) One. Answer:,A,count
00397-ZNanfzgCdm3,0,Are curtains closed in the bedroom?,"['(Do not choose this option)', '(Do not choose this option)', 'Yes', 'No']",Are curtains closed in the bedroom? A) (Do not choose this option) B) (Do not choose this option) C) Yes D) No. Answer:,C,state
00398-Vnb6uKtzQCU,0,How many cues are there on the pool table?,"['One', 'More than three', 'Two', 'None']",How many cues are there on the pool table? A) One B) More than three C) Two D) None. Answer:,D,count
00400-KcHdFEzySGq,0,How many dining chairs are around the table in the dining area?,"['Five', 'Four', 'Six', 'Three']",How many dining chairs are around the table in the dining area? A) Five B) Four C) Six D) Three. Answer:,C,count
00404-QN2dRqwd84J,0,Is the television in the bedroom left on?,"['(Do not choose this option)', 'No, it is off', 'Yes, it is on', '(Do not choose this option)']","Is the television in the bedroom left on? A) (Do not choose this option) B) No, it is off C) Yes, it is on D) (Do not choose this option). Answer:",B,state
00405-q28T9C3q2dv,2,Is the hair dryer still left on the vanity top?,"['(Do not choose this option)', 'Yes', 'No', '(Do not choose this option)']",Is the hair dryer still left on the vanity top? A) (Do not choose this option) B) Yes C) No D) (Do not choose this option). Answer:,C,existence
00411-o4tckGBtaxz,0,I am going to work out. Is the air conditioning near the exercise equipment turned on already?,"['Yes, it is on', '(Do not choose this option)', 'No, it is off', '(Do not choose this option)']","I am going to work out. Is the air conditioning near the exercise equipment turned on already? A) Yes, it is on B) (Do not choose this option) C) No, it is off D) (Do not choose this option). Answer:",C,state
00412-mDPCxA7W1WN,0,Is the air conditioning in the living room plugged in or not?,"['Yes', '(Do not choose this option)', 'No', '(Do not choose this option)']",Is the air conditioning in the living room plugged in or not? A) Yes B) (Do not choose this option) C) No D) (Do not choose this option). Answer:,A,state
00412-mDPCxA7W1WN,0,How many small plants are there next to the kitchen sink?,"['One', 'None', 'Three', 'More than five']",How many small plants are there next to the kitchen sink? A) One B) None C) Three D) More than five. Answer:,A,count
00412-mDPCxA7W1WN,1,Is there some white paper right on top of the printer?,"['No', '(Do not choose this option)', '(Do not choose this option)', 'Yes']",Is there some white paper right on top of the printer? A) No B) (Do not choose this option) C) (Do not choose this option) D) Yes. Answer:,A,existence
00414-77mMEyxhs44,0,Is the monitor left on?,"['(Do not choose this option)', 'Yes, it is on', '(Do not choose this option)', 'No, it is blank']","Is the monitor left on? A) (Do not choose this option) B) Yes, it is on C) (Do not choose this option) D) No, it is blank. Answer:",D,state
00415-rBmEe6ab5VP,0,Is the walk-in closet door left open?,"['No, it is closed', '(Do not choose this option)', '(Do not choose this option)', 'Yes, it is open']","Is the walk-in closet door left open? A) No, it is closed B) (Do not choose this option) C) (Do not choose this option) D) Yes, it is open. Answer:",D,state
00418-t6tH2pNA9X5,0,How many pendant lights are hanging above the kitchen island?,"['Two', 'Four', 'Three', 'One']",How many pendant lights are hanging above the kitchen island? A) Two B) Four C) Three D) One. Answer:,A,count
00420-R6Byftz8wRN,1,"Are the bedside lamps on, the ones next to the bed with blue bedding?","['Yes, both are on', 'Only right one is on', 'Only left one is on', 'No, both of them are off']","Are the bedside lamps on, the ones next to the bed with blue bedding? A) Yes, both are on B) Only right one is on C) Only left one is on D) No, both of them are off. Answer:",D,state
00423-bEdki9cbHDG,0,Does this house have some weights for lifting?,"['No', '(Do not choose this option)', '(Do not choose this option)', 'Yes']",Does this house have some weights for lifting? A) No B) (Do not choose this option) C) (Do not choose this option) D) Yes. Answer:,D,existence
00423-bEdki9cbHDG,1,How many pillows are there on the lower bunk bed?,"['One', 'None', 'Three', 'Two']",How many pillows are there on the lower bunk bed? A) One B) None C) Three D) Two. Answer:,B,count
00424-Hsk3jDzNySy,0,Are the French closet doors in the room with orange walls open or closed?,"['Yes', 'No', '(Do not choose this option)', '(Do not choose this option)']",Are the French closet doors in the room with orange walls open or closed? A) Yes B) No C) (Do not choose this option) D) (Do not choose this option). Answer:,B,state
00425-SSbSnMigayt,0,How many stuffed animals are on top of the bookshelf in the bedroom?,"['Three', 'Two', 'One', 'Four']",How many stuffed animals are on top of the bookshelf in the bedroom? A) Three B) Two C) One D) Four. Answer:,B,count
00425-SSbSnMigayt,0,Is the television in the bedroom turned off?,"['(Do not choose this option)', ""No, it's on."", ""Yes, it's off."", '(Do not choose this option)']","Is the television in the bedroom turned off? A) (Do not choose this option) B) No, it's on. C) Yes, it's off. D) (Do not choose this option). Answer:",C,state
00425-SSbSnMigayt,1,How many remotes did I leave on the red ottoman next to sofa?,"['None', 'Two', 'One', 'Three']",How many remotes did I leave on the red ottoman next to sofa? A) None B) Two C) One D) Three. Answer:,B,count
00426-X9fRPGxw1jS,0,Is there a guitar leaning against the bookshelf in the room with the wooden floor?,"['Yes', 'No', '(Do not choose this option)', '(Do not choose this option)']",Is there a guitar leaning against the bookshelf in the room with the wooden floor? A) Yes B) No C) (Do not choose this option) D) (Do not choose this option). Answer:,A,existence
00426-X9fRPGxw1jS,0,Is there an oven in the kitchen?,"['No', '(Do not choose this option)', '(Do not choose this option)', 'Yes']",Is there an oven in the kitchen? A) No B) (Do not choose this option) C) (Do not choose this option) D) Yes. Answer:,A,existence
00430-P8L1328HrLi,0,Guest is coming. Is the air conditioning in the living room turned on?,"['Yes, it is on', '(Do not choose this option)', '(Do not choose this option)', 'No, it is off']","Guest is coming. Is the air conditioning in the living room turned on? A) Yes, it is on B) (Do not choose this option) C) (Do not choose this option) D) No, it is off. Answer:",A,state
00435-rmDFTEWfNcz,0,Is there a standing heater next to the bed?,"['No', '(Do not choose this option)', '(Do not choose this option)', 'Yes']",Is there a standing heater next to the bed? A) No B) (Do not choose this option) C) (Do not choose this option) D) Yes. Answer:,A,existence
00436-TGVJHgmMGzi,1,I want to make sure the dining area is ready for guests. How many dining chairs are there?,"['Five', 'Six', 'Seven', 'Four']",I want to make sure the dining area is ready for guests. How many dining chairs are there? A) Five B) Six C) Seven D) Four. Answer:,D,count
00438-XvJjCZv6SYp,1,Is the laptop lid closed?,"['No', '(Do not choose this option)', '(Do not choose this option)', 'Yes']",Is the laptop lid closed? A) No B) (Do not choose this option) C) (Do not choose this option) D) Yes. Answer:,A,state
00440-wPLokgvCnuk,1,How many towels are there at the oven?,"['None', 'One', 'Five', 'Two']",How many towels are there at the oven? A) None B) One C) Five D) Two. Answer:,D,count
00443-oz1yTAGPXkh,0,How many pieces of exercise equipment is there in the house?,"['One', 'Three', 'None', 'Two']",How many pieces of exercise equipment is there in the house? A) One B) Three C) None D) Two. Answer:,C,count
00444-sX9xad6ULKc,0,How many sets of utensils are there on the dining table?,"['None', 'Six', 'Four', 'Two']",How many sets of utensils are there on the dining table? A) None B) Six C) Four D) Two. Answer:,C,count
00444-sX9xad6ULKc,0,Are the curtains in the office closed?,"['(Do not choose this option)', 'No, they are open', 'Yes, they are closed', '(Do not choose this option)']","Are the curtains in the office closed? A) (Do not choose this option) B) No, they are open C) Yes, they are closed D) (Do not choose this option). Answer:",C,state
00445-H81QMurNRM8,0,Did I put down the laptop lid? It is in the office.,"['Yes, it is down', 'No, the laptop lid is up', '(Do not choose this option)', '(Do not choose this option)']","Did I put down the laptop lid? It is in the office. A) Yes, it is down B) No, the laptop lid is up C) (Do not choose this option) D) (Do not choose this option). Answer:",A,state
00445-H81QMurNRM8,1,How many wooden benches are there in the office?,"['Three', 'None', 'One', 'Two']",How many wooden benches are there in the office? A) Three B) None C) One D) Two. Answer:,A,count
00446-tL6i2PtktSh,0,What color is the curtain in the bedroom?,"['Gray', 'Black', 'Blue', 'White']",What color is the curtain in the bedroom? A) Gray B) Black C) Blue D) White. Answer:,A,identification
00458-fFx6oC7EVp7,0,How many sets of utensils are there on the dining table?,"['None', 'Two', 'Three', 'One']",How many sets of utensils are there on the dining table? A) None B) Two C) Three D) One. Answer:,A,count
00460-LViDMxZp4ZN,0,How many cushions are there on the red sofa?,"['Three', 'One', 'None', 'Two']",How many cushions are there on the red sofa? A) Three B) One C) None D) Two. Answer:,D,count
00466-xAHnY3QzFUN,0,Is the bathroom door fully closed?,"['(Do not choose this option)', '(Do not choose this option)', 'Yes', 'No']",Is the bathroom door fully closed? A) (Do not choose this option) B) (Do not choose this option) C) Yes D) No. Answer:,D,state
00468-iTm2PKHUcTJ,0,Is the living room TV on?,"['(Do not choose this option)', 'No, it is off', 'Yes, it is on', '(Do not choose this option)']","Is the living room TV on? A) (Do not choose this option) B) No, it is off C) Yes, it is on D) (Do not choose this option). Answer:",C,state
00470-udze1CSof5C,1,Did I leave the TV on?,"['No', '(Do not choose this option)', '(Do not choose this option)', 'Yes']",Did I leave the TV on? A) No B) (Do not choose this option) C) (Do not choose this option) D) Yes. Answer:,D,state
00478-QDvRVeWFCjM,0,Is the bike next to the bed in the kid's room?,"['(Do not choose this option)', 'No', '(Do not choose this option)', 'Yes']",Is the bike next to the bed in the kid's room? A) (Do not choose this option) B) No C) (Do not choose this option) D) Yes. Answer:,B,existence
00479-p4ZPcGtk6Ex,1,Is the treadmill is currently in an upright storage position?,"['No', '(Do not choose this option)', '(Do not choose this option)', 'Yes']",Is the treadmill is currently in an upright storage position? A) No B) (Do not choose this option) C) (Do not choose this option) D) Yes. Answer:,A,state
00483-boHtwWDWtXh,0,Is the bedroom lamp left on?,"['(Do not choose this option)', 'Yes', '(Do not choose this option)', 'No']",Is the bedroom lamp left on? A) (Do not choose this option) B) Yes C) (Do not choose this option) D) No. Answer:,B,state
00483-boHtwWDWtXh,1,I'm expecting a guest who prefers to sit on armchairs. How many armchairs are available in the living room?,"['Three', 'Four', 'Two', 'One']",I'm expecting a guest who prefers to sit on armchairs. How many armchairs are available in the living room? A) Three B) Four C) Two D) One. Answer:,C,count
00483-boHtwWDWtXh,2,Is there a rug at the toilet?,"['(Do not choose this option)', '(Do not choose this option)', 'Yes', 'No']",Is there a rug at the toilet? A) (Do not choose this option) B) (Do not choose this option) C) Yes D) No. Answer:,D,existence
00484-fc7RfUCN5mY,0,How many drawers are in the dresser next to the purple bed?,"['Eight', 'Two', 'Six', 'Four']",How many drawers are in the dresser next to the purple bed? A) Eight B) Two C) Six D) Four. Answer:,D,count
00485-yX54kr5c5g9,0,Are the kitchen island stools pushed in?,"['(Do not choose this option)', 'Yes', 'No', '(Do not choose this option)']",Are the kitchen island stools pushed in? A) (Do not choose this option) B) Yes C) No D) (Do not choose this option). Answer:,B,state
00485-yX54kr5c5g9,0,Is the walk-in closet door in the bedroom closed?,"['(Do not choose this option)', 'No, it is open', 'Yes, it is closed', '(Do not choose this option)']","Is the walk-in closet door in the bedroom closed? A) (Do not choose this option) B) No, it is open C) Yes, it is closed D) (Do not choose this option). Answer:",B,state
00492-panm7DRsmDn,0,How many towels are there at the oven?,"['Two', 'Three', 'One', 'None']",How many towels are there at the oven? A) Two B) Three C) One D) None. Answer:,A,count
00492-panm7DRsmDn,1,How many rugs are there next to the sinks in the bathroom?,"['Two', 'Four', 'None', 'One']",How many rugs are there next to the sinks in the bathroom? A) Two B) Four C) None D) One. Answer:,A,count
00507-RfNGMBdVbAZ,0,How many towels are there at the oven?,"['One', 'None', 'Two', '(Do not choose this option)']",How many towels are there at the oven? A) One B) None C) Two D) (Do not choose this option). Answer:,C,count
00510-JSgMy8tTACD,0,How many plants are there on the kitchen island?,"['One', '(Do not choose this option)', 'None', 'Two']",How many plants are there on the kitchen island? A) One B) (Do not choose this option) C) None D) Two. Answer:,A,count
00510-JSgMy8tTACD,1,Is there a bathrobe available in the wardrobe for the guest to use after a shower?,"['(Do not choose this option)', 'Yes', '(Do not choose this option)', 'No']",Is there a bathrobe available in the wardrobe for the guest to use after a shower? A) (Do not choose this option) B) Yes C) (Do not choose this option) D) No. Answer:,B,existence
00510-JSgMy8tTACD,1,How many bottles of shampoo or showering gel are there in the glass shower?,"['None', 'Two', 'One', '(Do not choose this option)']",How many bottles of shampoo or showering gel are there in the glass shower? A) None B) Two C) One D) (Do not choose this option). Answer:,B,count
00512-WZDzPCybQvS,1,How many stools are there in the bedroom?,"['None', 'One', 'Two', 'Three']",How many stools are there in the bedroom? A) None B) One C) Two D) Three. Answer:,B,count
00512-WZDzPCybQvS,2,What color is the rug at the bathtub?,"['Brown', 'White', 'Black', 'Gray']",What color is the rug at the bathtub? A) Brown B) White C) Black D) Gray. Answer:,D,identification
00515-krsjseyn6fd,0,Are the white boots left on the stairs?,"['(Do not choose this option)', 'No', 'Yes', '(Do not choose this option)']",Are the white boots left on the stairs? A) (Do not choose this option) B) No C) Yes D) (Do not choose this option). Answer:,B,existence
00517-jG9pucmJVBZ,0,How many bar stools are there at the kitchen counter?,"['None', 'Four', 'Two', 'Three']",How many bar stools are there at the kitchen counter? A) None B) Four C) Two D) Three. Answer:,D,count
00522-XYQdAu1qsK9,0,Is the walk-in closet door in the bedroom left open?,"['No', 'Yes', '(Do not choose this option)', '(Do not choose this option)']",Is the walk-in closet door in the bedroom left open? A) No B) Yes C) (Do not choose this option) D) (Do not choose this option). Answer:,B,state
00525-iKFn6fzyRqs,0,Is the floor lamp next to the piano left on?,"['(Do not choose this option)', '(Do not choose this option)', 'No, it is off', 'Yes, it is on']","Is the floor lamp next to the piano left on? A) (Do not choose this option) B) (Do not choose this option) C) No, it is off D) Yes, it is on. Answer:",D,state
00525-iKFn6fzyRqs,1,I want to take a shower. Are there some towels by the bathrub?,"['No', '(Do not choose this option)', 'Yes', '(Do not choose this option)']",I want to take a shower. Are there some towels by the bathrub? A) No B) (Do not choose this option) C) Yes D) (Do not choose this option). Answer:,C,existence
00529-W9YAR9qcuvN,0,Is the bottom drawer of the refrigerator left open?,"['(Do not choose this option)', '(Do not choose this option)', 'Yes, it is open', 'No, it is closed']","Is the bottom drawer of the refrigerator left open? A) (Do not choose this option) B) (Do not choose this option) C) Yes, it is open D) No, it is closed. Answer:",D,state
00534-DBBESbk4Y3k,1,Is the laptop left on the coffee table?,"['Yes', '(Do not choose this option)', '(Do not choose this option)', 'No']",Is the laptop left on the coffee table? A) Yes B) (Do not choose this option) C) (Do not choose this option) D) No. Answer:,D,existence
00534-DBBESbk4Y3k,2,Is the closet door next to the bed with yellow pillow left open?,"['No, it is closed', 'Yes, it is open', '(Do not choose this option)', '(Do not choose this option)']","Is the closet door next to the bed with yellow pillow left open? A) No, it is closed B) Yes, it is open C) (Do not choose this option) D) (Do not choose this option). Answer:",A,state
00535-XKqDR74W1JU,1,How many towels are there at the oven?,"['None', 'Two', 'One', 'More than three']",How many towels are there at the oven? A) None B) Two C) One D) More than three. Answer:,A,count
00535-XKqDR74W1JU,1,Is the door to the porch open or closed right now?,"['Closed', '(Do not choose this option)', '(Do not choose this option)', 'Open']",Is the door to the porch open or closed right now? A) Closed B) (Do not choose this option) C) (Do not choose this option) D) Open. Answer:,A,state
00535-XKqDR74W1JU,2,Is the light left on at the toilet?,"['(Do not choose this option)', 'No, it is off', '(Do not choose this option)', 'Yes, it is on']","Is the light left on at the toilet? A) (Do not choose this option) B) No, it is off C) (Do not choose this option) D) Yes, it is on. Answer:",D,state
00537-oahi4u45xMf,0,Is there any pot left on the stove?,"['(Do not choose this option)', 'Yes', 'No', '(Do not choose this option)']",Is there any pot left on the stove? A) (Do not choose this option) B) Yes C) No D) (Do not choose this option). Answer:,C,existence
00540-6nvpJEZ8ox5,0,Do we have any stools at the kitchen island?,"['Three', 'None', 'One', 'Two']",Do we have any stools at the kitchen island? A) Three B) None C) One D) Two. Answer:,B,existence
00543-1k479icNeHW,0,How many bedstands are there next to the twin beds?,"['Three', 'One', 'Two', 'None']",How many bedstands are there next to the twin beds? A) Three B) One C) Two D) None. Answer:,B,count
00547-9h5JJxM6E5S,0,How many umbrellas are there in the ceramic vase near the staircase?,"['(Do not choose this option)', 'None', 'A few', 'One']",How many umbrellas are there in the ceramic vase near the staircase? A) (Do not choose this option) B) None C) A few D) One. Answer:,C,count
00547-9h5JJxM6E5S,0,Guest is coming. Is the fruit bowl on the kitchen island already?,"['Yes', '(Do not choose this option)', 'No', '(Do not choose this option)']",Guest is coming. Is the fruit bowl on the kitchen island already? A) Yes B) (Do not choose this option) C) No D) (Do not choose this option). Answer:,C,existence
00550-k3ohRuM6bso,0,Is there a microwave on the kitchen counter?,"['(Do not choose this option)', '(Do not choose this option)', 'Yes', 'No']",Is there a microwave on the kitchen counter? A) (Do not choose this option) B) (Do not choose this option) C) Yes D) No. Answer:,C,existence
00555-Y4idBN66BqG,0,Is there a towel on the bathrub already? I wanna shower now.,"['No', 'Yes', '(Do not choose this option)', '(Do not choose this option)']",Is there a towel on the bathrub already? I wanna shower now. A) No B) Yes C) (Do not choose this option) D) (Do not choose this option). Answer:,A,existence
00556-saBtfCeVoJ4,0,I'm expecting guests and I need to make sure there are enough seats. How many individual chairs are in the dining area?,"['Six', 'Eight', 'Four', 'Two']",I'm expecting guests and I need to make sure there are enough seats. How many individual chairs are in the dining area? A) Six B) Eight C) Four D) Two. Answer:,B,count
00569-YJDUB7hWg9h,0,I'm expecting a package and I think it might have been left by the door. Is there a package near the main entrance?,"['(Do not choose this option)', 'Yes', '(Do not choose this option)', 'No']",I'm expecting a package and I think it might have been left by the door. Is there a package near the main entrance? A) (Do not choose this option) B) Yes C) (Do not choose this option) D) No. Answer:,D,existence
00569-YJDUB7hWg9h,0,How many sets of utensils are there on the dining table?,"['Two', 'None', 'Three', 'One']",How many sets of utensils are there on the dining table? A) Two B) None C) Three D) One. Answer:,B,count
00570-kyoZhaD9HuW,0,Are the curtain shades that the office desk is facing at pulled down?,"['Yes, they are down', '(Do not choose this option)', 'No, they are still up', '(Do not choose this option)']","Are the curtain shades that the office desk is facing at pulled down? A) Yes, they are down B) (Do not choose this option) C) No, they are still up D) (Do not choose this option). Answer:",C,state
00573-1zDbEdygBeW,1,Does the kitchen island have any fruit bowl on it?,"['No', '(Do not choose this option)', '(Do not choose this option)', 'Yes']",Does the kitchen island have any fruit bowl on it? A) No B) (Do not choose this option) C) (Do not choose this option) D) Yes. Answer:,A,existence
00582-TYDavTf8oyy,1,How many potted plants are on the kitchen windowsill?,"['Four', 'Five', 'Two', 'Three']",How many potted plants are on the kitchen windowsill? A) Four B) Five C) Two D) Three. Answer:,D,count
00582-TYDavTf8oyy,2,How many laundry baskets are in the bedroom with the white bedspread?,"['Two', 'One', 'Three', 'None']",How many laundry baskets are in the bedroom with the white bedspread? A) Two B) One C) Three D) None. Answer:,A,count
00585-CxxHb5C8ZsP,1,I'm trying to remember where I placed the decorative bowl. It is on the kitchen island?,"['(Do not choose this option)', '(Do not choose this option)', 'Yes', 'No']",I'm trying to remember where I placed the decorative bowl. It is on the kitchen island? A) (Do not choose this option) B) (Do not choose this option) C) Yes D) No. Answer:,C,existence
00585-CxxHb5C8ZsP,1,We recently bought the kid's play kitchen. Is there any mini pot on the stove?,"['No', '(Do not choose this option)', 'Yes', '(Do not choose this option)']",We recently bought the kid's play kitchen. Is there any mini pot on the stove? A) No B) (Do not choose this option) C) Yes D) (Do not choose this option). Answer:,A,existence
00585-CxxHb5C8ZsP,2,I need to take a quick shower. Are there any clean towels available in the bathroom?,"['(Do not choose this option)', 'Yes', 'No', '(Do not choose this option)']",I need to take a quick shower. Are there any clean towels available in the bathroom? A) (Do not choose this option) B) Yes C) No D) (Do not choose this option). Answer:,B,existence
00591-JptJPosx1Z6,0,How many kitchen bar stools are there right now?,"['Two', 'Three', 'One', 'None']",How many kitchen bar stools are there right now? A) Two B) Three C) One D) None. Answer:,A,count
00597-D8aaq3PH6dG,0,I need to know if the kitchen island has any bar stools arranged around it. How many are there?,"['None', 'One', 'Two', 'Three']",I need to know if the kitchen island has any bar stools arranged around it. How many are there? A) None B) One C) Two D) Three. Answer:,A,count
00597-D8aaq3PH6dG,0,How many pairs of shoes are there next to the wood logs at the porch?,"['One', 'Two', 'None', 'Three']",How many pairs of shoes are there next to the wood logs at the porch? A) One B) Two C) None D) Three. Answer:,B,count
00597-D8aaq3PH6dG,1,How many pillows are on the single bed with white bedding?,"['None', 'Two', 'One', 'Three']",How many pillows are on the single bed with white bedding? A) None B) Two C) One D) Three. Answer:,B,count
00600-ENhuWpDE5EB,0,Is potted plant still on the kitchen island?,"['No', '(Do not choose this option)', 'Yes', '(Do not choose this option)']",Is potted plant still on the kitchen island? A) No B) (Do not choose this option) C) Yes D) (Do not choose this option). Answer:,C,existence
00606-W16Bm4ysK8v,0,Is the garage door open or closed?,"['Open', 'Closed', '(Do not choose this option)', '(Do not choose this option)']",Is the garage door open or closed? A) Open B) Closed C) (Do not choose this option) D) (Do not choose this option). Answer:,B,state
00617-AENiMBDjVFb,0,How many towels are there on the dishwasher?,"['(Do not choose this option)', 'Two', 'One', 'None']",How many towels are there on the dishwasher? A) (Do not choose this option) B) Two C) One D) None. Answer:,C,count
00618-T4G9hTR5WSv,1,How many colorful pillows are there on the living room sofa?,"['Four', 'None', 'One', 'Two']",How many colorful pillows are there on the living room sofa? A) Four B) None C) One D) Two. Answer:,D,count
00621-SAZ4gvMfxm1,0,Guests are coming. How many sets of utensils are on the dining table?,"['Eight', 'Four', 'Six', 'Two']",Guests are coming. How many sets of utensils are on the dining table? A) Eight B) Four C) Six D) Two. Answer:,C,count
00622-bxwHR9ipFG8,0,Is there a rug at the door to the balcony?,"['Yes', '(Do not choose this option)', 'No', '(Do not choose this option)']",Is there a rug at the door to the balcony? A) Yes B) (Do not choose this option) C) No D) (Do not choose this option). Answer:,C,existence
00625-VWczCD1Hbus,1,Is the closet open or closed in the kid's room?,"['(Do not choose this option)', 'Open', 'Closed', '(Do not choose this option)']",Is the closet open or closed in the kid's room? A) (Do not choose this option) B) Open C) Closed D) (Do not choose this option). Answer:,C,state
00639-AwL2QGztLwV,0,Are the kitchen sink lights left on?,"['No', '(Do not choose this option)', 'Yes', '(Do not choose this option)']",Are the kitchen sink lights left on? A) No B) (Do not choose this option) C) Yes D) (Do not choose this option). Answer:,C,state
00649-RiwBKy2YdQ7,0,How many jackets are there hanging in the office?,"['Two', '(Do not choose this option)', 'None', 'One']",How many jackets are there hanging in the office? A) Two B) (Do not choose this option) C) None D) One. Answer:,A,count
00649-RiwBKy2YdQ7,1,Is the shower curtain on or off in the bathroom with the circle on the floor?,"['It is covering the shower', '(Do not choose this option)', 'No, it is not', '(Do not choose this option)']","Is the shower curtain on or off in the bathroom with the circle on the floor? A) It is covering the shower B) (Do not choose this option) C) No, it is not D) (Do not choose this option). Answer:",A,state
00652-BcZUZQ9t4Fe,0,Is there any towel on the bathrub?,"['Yes', '(Do not choose this option)', '(Do not choose this option)', 'No']",Is there any towel on the bathrub? A) Yes B) (Do not choose this option) C) (Do not choose this option) D) No. Answer:,D,existence
00652-BcZUZQ9t4Fe,0,How many plush toys are there on the twin bed with unicorn pillow?,"['None', 'Three', 'One', 'Five']",How many plush toys are there on the twin bed with unicorn pillow? A) None B) Three C) One D) Five. Answer:,A,count
00653-4RuxhXRmb3V,0,"I'm sorting laundry and need to know, is there a laundry basket currently on top of the laundry machine?","['(Do not choose this option)', '(Do not choose this option)', 'No', 'Yes']","I'm sorting laundry and need to know, is there a laundry basket currently on top of the laundry machine? A) (Do not choose this option) B) (Do not choose this option) C) No D) Yes. Answer:",C,existence
00663-1Rg1SS1dRpG,0,How many cues did my friends leave on the pool table?,"['Two', 'One', 'Five', 'None']",How many cues did my friends leave on the pool table? A) Two B) One C) Five D) None. Answer:,A,count
00663-1Rg1SS1dRpG,0,How many chairs are there around the dining table?,"['Two', 'One', 'Three', 'Four']",How many chairs are there around the dining table? A) Two B) One C) Three D) Four. Answer:,D,count
00663-1Rg1SS1dRpG,1,Is there any pair of slippers on the stairs?,"['No', '(Do not choose this option)', '(Do not choose this option)', 'Yes']",Is there any pair of slippers on the stairs? A) No B) (Do not choose this option) C) (Do not choose this option) D) Yes. Answer:,A,existence
00663-1Rg1SS1dRpG,1,How many penchants lights are above the kitchen island?,"['None', 'One', 'Three', 'Two']",How many penchants lights are above the kitchen island? A) None B) One C) Three D) Two. Answer:,C,count
00667-5K2dTSVihN7,0,Is the curtain fully covering the entrance door?,"['(Do not choose this option)', 'No', '(Do not choose this option)', 'Yes']",Is the curtain fully covering the entrance door? A) (Do not choose this option) B) No C) (Do not choose this option) D) Yes. Answer:,B,state
00669-DNWbUAJYsPy,0,I wanna shower now. Is there any towel there?,"['(Do not choose this option)', 'No', '(Do not choose this option)', 'Yes']",I wanna shower now. Is there any towel there? A) (Do not choose this option) B) No C) (Do not choose this option) D) Yes. Answer:,D,existence
00672-4L4peQsMgfR,0,Are there a few wood logs left at the fireplace?,"['Yes', '(Do not choose this option)', '(Do not choose this option)', 'No']",Are there a few wood logs left at the fireplace? A) Yes B) (Do not choose this option) C) (Do not choose this option) D) No. Answer:,A,existence
00686-LU4A39yR8gc,1,"Is the bedstand lamp left on, the one in the bedroom with green blanket?","['(Do not choose this option)', '(Do not choose this option)', 'No', 'Yes']","Is the bedstand lamp left on, the one in the bedroom with green blanket? A) (Do not choose this option) B) (Do not choose this option) C) No D) Yes. Answer:",D,state
00691-MyxM6trMBUH,0,Is the backpack left on the kitchen island?,"['(Do not choose this option)', 'Yes', 'No', '(Do not choose this option)']",Is the backpack left on the kitchen island? A) (Do not choose this option) B) Yes C) No D) (Do not choose this option). Answer:,C,existence
00697-5vUupbRRdyH,1,Is there any pot left on the stove?,"['No', '(Do not choose this option)', '(Do not choose this option)', 'Yes']",Is there any pot left on the stove? A) No B) (Do not choose this option) C) (Do not choose this option) D) Yes. Answer:,A,existence
00702-wCqnXzoru3X,1,Is the air conditioning in the living room turned on?,"['No', 'Yes', '(Do not choose this option)', '(Do not choose this option)']",Is the air conditioning in the living room turned on? A) No B) Yes C) (Do not choose this option) D) (Do not choose this option). Answer:,A,state
00715-kjUg7BaQF1C,0,How many stools are there at kitchen island right now?,"['Four', 'Two', 'None', 'One']",How many stools are there at kitchen island right now? A) Four B) Two C) None D) One. Answer:,A,count
00720-8B43pG641ff,0,Did my daughter remember to put the piano lid down?,"['No, it is up', '(Do not choose this option)', 'Yes, it is down', '(Do not choose this option)']","Did my daughter remember to put the piano lid down? A) No, it is up B) (Do not choose this option) C) Yes, it is down D) (Do not choose this option). Answer:",A,state
00720-8B43pG641ff,0,How many chairs do we have around the outdoor dining table?,"['Six', 'Four', 'Eight', 'Two']",How many chairs do we have around the outdoor dining table? A) Six B) Four C) Eight D) Two. Answer:,A,count
00730-UYrgg12a7QN,0,Is the floor lamp in the living room turned on?,"['No, it is off', '(Do not choose this option)', 'Yes, it is on', '(Do not choose this option)']","Is the floor lamp in the living room turned on? A) No, it is off B) (Do not choose this option) C) Yes, it is on D) (Do not choose this option). Answer:",A,state
00756-1K7P6ZQS4VM,0,Guests are coming. How many sets of utensils are set up on the dining table?,"['Four', 'Six', 'Two', 'None']",Guests are coming. How many sets of utensils are set up on the dining table? A) Four B) Six C) Two D) None. Answer:,D,count
00757-LVgQNuK8vtv,0,How many pairs of long boots are in the coat closet?,"['Three pairs', 'Two pairs', 'Four pairs', 'One pair']",How many pairs of long boots are in the coat closet? A) Three pairs B) Two pairs C) Four pairs D) One pair. Answer:,D,count
